{
    "lighting": "none",
    "matrix": {
        "rows": 5,
        "cols": 16
    },
    "layouts": {
        "keymap":[
          [
            {
              "y": 0.9,
              "x": 0.55
            },
            "0,0",
            {
              "x": 2.1500000000000004
            },
            "0,3",
            {
              "x": 8.55
            },
            "0,12"
          ],
          [
            {
              "y": -0.9,
              "x": 1.7
            },
            "0,1",
            "0,2",
            {
              "x": 10.55
            },
            "0,13",
            "0,14"
          ],
          [
            {
              "y": -1,
              "x": 16.25
            },
            "0,15"
          ],
          [
            {
              "y": -0.10000000000000009,
              "x": 0.35
            },
            "1,0"
          ],
          [
            {
              "y": -0.95,
              "x": 12.95
            },
            "1,12"
          ],
          [
            {
              "y": -0.9500000000000002,
              "x": 1.5,
              "w": 1.5
            },
            "1,1",
            "1,2",
            {
              "x": 9.95
            },
            "1,13",
            "1,14",
            {
              "w": 1.5
            },
            "1,15"
          ],
          [
            {
              "y": -0.10000000000000009,
              "x": 0.15
            },
            "2,0"
          ],
          [
            {
              "y": -0.8999999999999999,
              "x": 1.3,
              "w": 1.75
            },
            "2,1",
            "2,2",
            {
              "x": 9.349999999999998
            },
            "2,12",
            "2,13",
            {
              "w": 2.25
            },
            "2,15"
          ],
          [
            {
              "x": 1.1,
              "w": 2.25
            },
            "3,1",
            "3,2",
            {
              "x": 8.75
            },
            "3,12",
            "3,13",
            {
              "w": 1.75
            },
            "3,14",
            "3,15"
          ],
          [
            {
              "x": 1.1,
              "w": 1.5
            },
            "4,1",
            {
              "x": 13.550000000000002,
              "w": 1.5
            },
            "4,15"
          ],
          [
            {
              "r": 12,
              "y": -6,
              "x": 5
            },
            "0,4",
            "0,5",
            "0,6",
            "0,7"
          ],
          [
            {
              "x": 4.5
            },
            "1,3",
            "1,4",
            "1,5",
            "1,6"
          ],
          [
            {
              "x": 4.8
            },
            "2,3",
            "2,4",
            "2,5",
            "2,6"
          ],
          [
            {
              "x": 5.3
            },
            "3,3",
            "3,4",
            "3,5",
            "3,6"
          ],
          [
            {
              "x": 7.05,
              "w": 2.25
            },
            "4,5"
          ],
          [
            {
              "y": -0.9500000000000002,
              "x": 5.55,
              "w": 1.5
            },
            "4,3"
          ],
          [
            {
              "r": -12,
              "y": -1.4500000000000002,
              "x": 8.55
            },
            "0,8",
            "0,9",
            "0,10",
            "0,11"
          ],
          [
            {
              "x": 8.05
            },
            "1,8",
            "1,9",
            "1,10",
            "1,11"
          ],
          [
            {
              "x": 8.2
            },
            "2,8",
            "2,9",
            "2,10",
            "2,11"
          ],
          [
            {
              "x": 7.75
            },
            "3,8",
            "3,9",
            "3,10",
            "3,11"
          ],
          [
            {
              "x": 7.75,
              "w": 2.75
            },
            "4,9"
          ],
          [
            {
              "y": -0.9500000000000002,
              "x": 10.5,
              "w": 1.5
            },
            "4,11"
          ]
        ]
    }
}